Name,Saison,Episode,Date,Channel,Country,Href,Date
Arthdal Chronicles,2,08,tvN,Corée du Sud,episode08-411009-01102023-saison2-Arthdal-Chronicles.html,01-10-2023
Behind Your Touch,1,16,Netflix,Etats-Unis,episode16-408686-01102023-saison1-Behind-Your-Touch.html,01-10-2023
Bob's Burgers,14,01,Fox,Etats-Unis,episode01-408094-01102023-saison14-Bob-s-Burgers.html,01-10-2023
Entre Tierras,1,04,ATRESplayer,Espagne,episode04-410970-01102023-saison1-Entre-Tierras.html,01-10-2023
Family Guy,22,01,Fox,Etats-Unis,episode01-408096-01102023-saison22-Family-Guy.html,01-10-2023
Heartland (CA),17,01,CBC,Canada,episode01-410271-01102023-saison17-Heartland-(CA).html,01-10-2023
Krapopolis,1,03,Fox,Etats-Unis,episode03-408093-01102023-saison1-Krapopolis.html,01-10-2023
Last Week Tonight With John Oliver,10,11,HBO,Etats-Unis,episode11-410868-01102023-saison10-Last-Week-Tonight-With-John-Oliver.html,01-10-2023
Les Mystères de l'amour,33,08,TMC,France,episode08-410185-01102023-saison33-Les-Mysteres-de-l-amour.html,01-10-2023
SkyMed,2,01,CBC Gem,Canada,episode01-410144-01102023-saison2-SkyMed.html,01-10-2023
The Simpsons,35,01,Fox,Etats-Unis,episode01-408095-01102023-saison35-The-Simpsons.html,01-10-2023
The Villains of Valley View,2,15,Disney Channel,Etats-Unis,episode15-410803-01102023-saison2-The-Villains-of-Valley-View.html,01-10-2023
The Walking Dead: Daryl Dixon,1,04,AMC,Etats-Unis,episode04-409847-01102023-saison1-The-Walking-Dead-Daryl-Dixon.html,01-10-2023
When Calls the Heart,10,10,Hallmark Channel,Etats-Unis,episode10-407539-01102023-saison10-When-Calls-the-Heart.html,01-10-2023
5è Rang,6,04,Radio Canada,Canada,episode04-410913-02102023-saison6-5e-Rang.html,02-10-2023
66-5,1,05,Canal+,France,episode05-410553-02102023-saison1-66-5.html,02-10-2023
66-5,1,06,Canal+,France,episode06-410554-02102023-saison1-66-5.html,02-10-2023
Alertes,3,16,TVA,Canada,episode16-410912-02102023-saison3-Alertes.html,02-10-2023
American Dad!,19,14,TBS (US),Etats-Unis,episode14-410594-02102023-saison19-American-Dad.html,02-10-2023
Demain nous appartient,7,31,TF1,France,episode31-410920-02102023-saison7-Demain-nous-appartient.html,02-10-2023
Familie Bundschuh,1,08,ZDF,Allemagne,episode08-409953-02102023-saison1-Familie-Bundschuh.html,02-10-2023
Ici tout commence,4,26,TF1,France,episode26-410915-02102023-saison4-Ici-tout-commence.html,02-10-2023
Infiltré(e),1,03,France 2,France,episode03-410718-02102023-saison1-Infiltre(e).html,02-10-2023
Infiltré(e),1,04,France 2,France,episode04-410719-02102023-saison1-Infiltre(e).html,02-10-2023
Kamikaze (NOR),1,03,Discovery +,Suède,episode03-410738-02102023-saison1-Kamikaze-(NOR).html,02-10-2023
Murdoch Mysteries,17,01,Citytv,Canada,episode01-410145-02102023-saison17-Murdoch-Mysteries.html,02-10-2023
Narvalo,3,03,Canal+,France,episode03-410627-02102023-saison3-Narvalo.html,02-10-2023
Narvalo,3,04,Canal+,France,episode04-410628-02102023-saison3-Narvalo.html,02-10-2023
Pure Boxer,1,13,KBS2,Corée du Sud,episode13-409147-02102023-saison1-Pure-Boxer.html,02-10-2023
SOKO Potsdam,6,02,ZDF,Allemagne,episode02-410907-02102023-saison6-SOKO-Potsdam.html,02-10-2023
The Irrational,1,02,NBC,Etats-Unis,episode02-409167-02102023-saison1-The-Irrational.html,02-10-2023
The Long Shadow,1,02,ITVX,Royaume-Uni,episode02-410620-02102023-saison1-The-Long-Shadow.html,02-10-2023
The Long Shadow,1,03,ITVX,Royaume-Uni,episode03-410816-02102023-saison1-The-Long-Shadow.html,02-10-2023
The Long Shadow,1,04,ITVX,Royaume-Uni,episode04-410897-02102023-saison1-The-Long-Shadow.html,02-10-2023
The Long Shadow,1,05,ITVX,Royaume-Uni,episode05-410898-02102023-saison1-The-Long-Shadow.html,02-10-2023
The Long Shadow,1,06,ITVX,Royaume-Uni,episode06-410899-02102023-saison1-The-Long-Shadow.html,02-10-2023
The Long Shadow,1,07,ITVX,Royaume-Uni,episode07-410900-02102023-saison1-The-Long-Shadow.html,02-10-2023
Un Si Grand Soleil,6,23,France 2,France,episode23-410925-02102023-saison6-Un-Si-Grand-Soleil.html,02-10-2023
Ví?az,1,05,Showtime,Etats-Unis,episode05-410696-02102023-saison1-Viaz.html,02-10-2023
Ahsoka,1,08,Disney+,Etats-Unis,episode08-406770-03102023-saison1-Ahsoka.html,03-10-2023
Alexandra Ehle,4,01,France 3,France,episode01-410257-03102023-saison4-Alexandra-Ehle.html,03-10-2023
À coeur battant,2,04,Radio Canada,Canada,episode04-410929-03102023-saison2-A-coeur-battant.html,03-10-2023
Club Soly,3,04,Noovo.ca,Canada,episode04-410931-03102023-saison3-Club-Soly.html,03-10-2023
Demain nous appartient,7,32,TF1,France,episode32-410921-03102023-saison7-Demain-nous-appartient.html,03-10-2023
Found,1,01,NBC,Etats-Unis,episode01-408424-03102023-saison1-Found.html,03-10-2023
Ici tout commence,4,27,TF1,France,episode27-410916-03102023-saison4-Ici-tout-commence.html,03-10-2023
Only Murders in The Building,3,10,Hulu,Etats-Unis,episode10-406259-03102023-saison3-Only-Murders-in-The-Building.html,03-10-2023
Un Si Grand Soleil,6,24,France 2,France,episode24-410926-03102023-saison6-Un-Si-Grand-Soleil.html,03-10-2023
Aller simple,2,04,Noovo.ca,Canada,episode04-410649-04102023-saison2-Aller-simple.html,04-10-2023
American Horror Story,12,03,FX,Etats-Unis,episode03-410183-04102023-saison12-American-Horror-Story.html,04-10-2023
Archer (2009),14,07,FXX,Etats-Unis,episode07-408904-04102023-saison14-Archer-(2009).html,04-10-2023
Assisted Living,4,20,BET,Etats-Unis,episode20-410621-04102023-saison4-Assisted-Living.html,04-10-2023
Assisted Living,4,21,BET,Etats-Unis,episode21-410622-04102023-saison4-Assisted-Living.html,04-10-2023
Assisted Living,4,22,BET,Etats-Unis,episode22-410623-04102023-saison4-Assisted-Living.html,04-10-2023
Bones of Crows,1,03,CBC,Canada,episode03-410642-04102023-saison1-Bones-of-Crows.html,04-10-2023
Children Ruin Everything,3,02,CTV,Canada,episode02-410794-04102023-saison3-Children-Ruin-Everything.html,04-10-2023
Chucky,3,01,Syfy,Etats-Unis,episode01-409037-04102023-saison3-Chucky.html,04-10-2023
Demain nous appartient,7,33,TF1,France,episode33-410922-04102023-saison7-Demain-nous-appartient.html,04-10-2023
Hans River Police,1,07,Disney+,Etats-Unis,episode07-409972-04102023-saison1-Hans-River-Police.html,04-10-2023
Hans River Police,1,08,Disney+,Etats-Unis,episode08-409973-04102023-saison1-Hans-River-Police.html,04-10-2023
Hudson & Rex,6,01,Citytv,Canada,episode01-410258-04102023-saison6-Hudson--Rex.html,04-10-2023
Ici tout commence,4,28,TF1,France,episode28-410917-04102023-saison4-Ici-tout-commence.html,04-10-2023
Invasion (2021),2,07,Apple TV+,Etats-Unis,episode07-407971-04102023-saison2-Invasion-(2021).html,04-10-2023
Magnum P.I. (2018),5,11,NBC,Etats-Unis,episode11-409152-04102023-saison5-Magnum-PI-(2018).html,04-10-2023
Quantum Leap (2022),2,01,NBC,Etats-Unis,episode01-408633-04102023-saison2-Quantum-Leap-(2022).html,04-10-2023
RFDS,2,08,Seven,Australie,episode08-410739-04102023-saison2-RFDS.html,04-10-2023
Robyn Hood,1,02,Global,Canada,episode02-410949-04102023-saison1-Robyn-Hood.html,04-10-2023
SurrealEstate,2,01,Syfy,Etats-Unis,episode01-409249-04102023-saison2-SurrealEstate.html,04-10-2023
The Morning Show,3,05,Apple TV+,Etats-Unis,episode05-407700-04102023-saison3-The-Morning-Show.html,04-10-2023
The Worst of Evil,1,04,Disney+,Etats-Unis,episode04-410766-04102023-saison1-The-Worst-of-Evil.html,04-10-2023
The Worst of Evil,1,05,Disney+,Etats-Unis,episode05-410767-04102023-saison1-The-Worst-of-Evil.html,04-10-2023
Un Si Grand Soleil,6,25,France 2,France,episode25-410927-04102023-saison6-Un-Si-Grand-Soleil.html,04-10-2023
Young Dylan,4,05,Nickelodeon,Etats-Unis,episode05-410578-04102023-saison4-Young-Dylan.html,04-10-2023
All Creatures Great and Small (2020),4,01,Channel 5,Royaume-Uni,episode01-410607-05102023-saison4-All-Creatures-Great-and-Small-(2020).html,05-10-2023
À La Carte,2,04,ALLBLK,Etats-Unis,episode04-410517-05102023-saison2-A-La-Carte.html,05-10-2023
Demain nous appartient,7,34,TF1,France,episode34-410923-05102023-saison7-Demain-nous-appartient.html,05-10-2023
Everything Now,1,01,Netflix,Etats-Unis,episode01-410218-05102023-saison1-Everything-Now.html,05-10-2023
Everything Now,1,02,Netflix,Etats-Unis,episode02-410890-05102023-saison1-Everything-Now.html,05-10-2023
Everything Now,1,03,Netflix,Etats-Unis,episode03-410891-05102023-saison1-Everything-Now.html,05-10-2023
Everything Now,1,04,Netflix,Etats-Unis,episode04-410892-05102023-saison1-Everything-Now.html,05-10-2023
Everything Now,1,05,Netflix,Etats-Unis,episode05-410893-05102023-saison1-Everything-Now.html,05-10-2023
Everything Now,1,06,Netflix,Etats-Unis,episode06-410894-05102023-saison1-Everything-Now.html,05-10-2023
Everything Now,1,07,Netflix,Etats-Unis,episode07-410895-05102023-saison1-Everything-Now.html,05-10-2023
Everything Now,1,08,Netflix,Etats-Unis,episode08-410896-05102023-saison1-Everything-Now.html,05-10-2023
Ici tout commence,4,29,TF1,France,episode29-410918-05102023-saison4-Ici-tout-commence.html,05-10-2023
Les révoltés,1,05,Club illico ,Canada,episode05-411201-05102023-saison1-Les-revoltes.html,05-10-2023
Les révoltés,1,06,Club illico ,Canada,episode06-411202-05102023-saison1-Les-revoltes.html,05-10-2023
Loki,2,01,Disney+,Etats-Unis,episode01-410901-05102023-saison2-Loki.html,05-10-2023
Lupin,3,01,Netflix,Etats-Unis,episode01-404379-05102023-saison3-Lupin.html,05-10-2023
Lupin,3,02,Netflix,Etats-Unis,episode02-404380-05102023-saison3-Lupin.html,05-10-2023
Lupin,3,03,Netflix,Etats-Unis,episode03-404381-05102023-saison3-Lupin.html,05-10-2023
Lupin,3,04,Netflix,Etats-Unis,episode04-404382-05102023-saison3-Lupin.html,05-10-2023
Lupin,3,05,Netflix,Etats-Unis,episode05-404383-05102023-saison3-Lupin.html,05-10-2023
Lupin,3,06,Netflix,Etats-Unis,episode06-404384-05102023-saison3-Lupin.html,05-10-2023
Lupin,3,07,Netflix,Etats-Unis,episode07-404385-05102023-saison3-Lupin.html,05-10-2023
Our Flag Means Death,2,01,HBO Max,Etats-Unis,episode01-409662-05102023-saison2-Our-Flag-Means-Death.html,05-10-2023
Our Flag Means Death,2,02,HBO Max,Etats-Unis,episode02-409663-05102023-saison2-Our-Flag-Means-Death.html,05-10-2023
Our Flag Means Death,2,03,HBO Max,Etats-Unis,episode03-409664-05102023-saison2-Our-Flag-Means-Death.html,05-10-2023
Rictus,1,07,OCS,France,episode07-409050-05102023-saison1-Rictus.html,05-10-2023
Rictus,1,08,OCS,France,episode08-409051-05102023-saison1-Rictus.html,05-10-2023
Rictus,1,09,OCS,France,episode09-409052-05102023-saison1-Rictus.html,05-10-2023
Sous contrôle,1,01,Arte,France,episode01-408741-05102023-saison1-Sous-controle.html,05-10-2023
Sous contrôle,1,02,Arte,France,episode02-411048-05102023-saison1-Sous-controle.html,05-10-2023
Sous contrôle,1,03,Arte,France,episode03-411049-05102023-saison1-Sous-controle.html,05-10-2023
Sous contrôle,1,04,Arte,France,episode04-411050-05102023-saison1-Sous-controle.html,05-10-2023
Sous contrôle,1,05,Arte,France,episode05-411051-05102023-saison1-Sous-controle.html,05-10-2023
Sous contrôle,1,06,Arte,France,episode06-411052-05102023-saison1-Sous-controle.html,05-10-2023
Star Trek: Lower Decks,4,06,Paramount+,Etats-Unis,episode06-409760-05102023-saison4-Star-Trek-Lower-Decks.html,05-10-2023
Tacoma FD,4,12,truTV,Etats-Unis,episode12-410643-05102023-saison4-Tacoma-FD.html,05-10-2023
Tacoma FD,4,13,truTV,Etats-Unis,episode13-410644-05102023-saison4-Tacoma-FD.html,05-10-2023
Young Love,1,09,HBO Max,Etats-Unis,episode09-410862-05102023-saison1-Young-Love.html,05-10-2023
Young Love,1,10,HBO Max,Etats-Unis,episode10-410863-05102023-saison1-Young-Love.html,05-10-2023
Young Love,1,11,HBO Max,Etats-Unis,episode11-410864-05102023-saison1-Young-Love.html,05-10-2023
Young Love,1,12,HBO Max,Etats-Unis,episode12-410865-05102023-saison1-Young-Love.html,05-10-2023
Billions,7,09,Showtime,Etats-Unis,episode09-409168-06102023-saison7-Billions.html,06-10-2023
Demain nous appartient,7,35,TF1,France,episode35-410924-06102023-saison7-Demain-nous-appartient.html,06-10-2023
Familjen Andersson,1,08,SVT Play,Suède,episode08-409539-06102023-saison1-Familjen-Andersson.html,06-10-2023
Gaslight,1,04,SVT Play,Suède,episode04-410680-06102023-saison1-Gaslight.html,06-10-2023
Gaslight,1,05,SVT Play,Suède,episode05-410681-06102023-saison1-Gaslight.html,06-10-2023
Gaslight,1,06,SVT Play,Suède,episode06-410682-06102023-saison1-Gaslight.html,06-10-2023
Gen V,1,04,Prime Video,Etats-Unis,episode04-408428-06102023-saison1-Gen-V.html,06-10-2023
Ghosts (UK),5,01,BBC One,Royaume-Uni,episode01-410534-06102023-saison5-Ghosts-(UK).html,06-10-2023
Ghosts (UK),5,02,BBC One,Royaume-Uni,episode02-410722-06102023-saison5-Ghosts-(UK).html,06-10-2023
Ghosts (UK),5,03,BBC One,Royaume-Uni,episode03-410723-06102023-saison5-Ghosts-(UK).html,06-10-2023
Ghosts (UK),5,04,BBC One,Royaume-Uni,episode04-410724-06102023-saison5-Ghosts-(UK).html,06-10-2023
Ghosts (UK),5,05,BBC One,Royaume-Uni,episode05-410725-06102023-saison5-Ghosts-(UK).html,06-10-2023
Ghosts (UK),5,06,BBC One,Royaume-Uni,episode06-410726-06102023-saison5-Ghosts-(UK).html,06-10-2023
Huset,1,06,DR1,Danemark,episode06-410716-06102023-saison1-Huset.html,06-10-2023
Ici tout commence,4,30,TF1,France,episode30-410919-06102023-saison4-Ici-tout-commence.html,06-10-2023
Last Exit Schinkenstraße,1,01,Prime Video,Etats-Unis,episode01-411018-06102023-saison1-Last-Exit-Schinkenstraße.html,06-10-2023
Last Exit Schinkenstraße,1,02,Prime Video,Etats-Unis,episode02-411019-06102023-saison1-Last-Exit-Schinkenstraße.html,06-10-2023
Last Exit Schinkenstraße,1,03,Prime Video,Etats-Unis,episode03-411020-06102023-saison1-Last-Exit-Schinkenstraße.html,06-10-2023
Last Exit Schinkenstraße,1,04,Prime Video,Etats-Unis,episode04-411021-06102023-saison1-Last-Exit-Schinkenstraße.html,06-10-2023
Last Exit Schinkenstraße,1,05,Prime Video,Etats-Unis,episode05-411022-06102023-saison1-Last-Exit-Schinkenstraße.html,06-10-2023
Last Exit Schinkenstraße,1,06,Prime Video,Etats-Unis,episode06-411023-06102023-saison1-Last-Exit-Schinkenstraße.html,06-10-2023
Power Book IV: Force,2,06,Starz,Etats-Unis,episode06-410815-06102023-saison2-Power-Book-IV-Force.html,06-10-2023
Shoresy,2,03,CraveTV,Canada,episode03-410866-06102023-saison2-Shoresy.html,06-10-2023
SOKO Leipzig,24,07,ZDF,Allemagne,episode07-410561-06102023-saison24-SOKO-Leipzig.html,06-10-2023
Solsidan,8,03,TV4,Suède,episode03-410858-06102023-saison8-Solsidan.html,06-10-2023
Still Up,1,05,Apple TV+,Etats-Unis,episode05-408946-06102023-saison1-Still-Up.html,06-10-2023
The Changeling,1,07,Apple TV+,Etats-Unis,episode07-408182-06102023-saison1-The-Changeling.html,06-10-2023
The Continental: From The World Of John Wick,1,03,Peacock,Etats-Unis,episode03-408644-06102023-saison1-The-Continental-From-The-World-Of-John-Wick.html,06-10-2023
The Wheel of Time,2,08,Prime Video,Etats-Unis,episode08-408196-06102023-saison2-The-Wheel-of-Time.html,06-10-2023
Transplant,4,01,CTV,Canada,episode01-408389-06102023-saison4-Transplant.html,06-10-2023
Un Si Grand Soleil,6,26,France 2,France,episode26-410928-06102023-saison6-Un-Si-Grand-Soleil.html,06-10-2023
All Rise,3,14,OWN,Etats-Unis,episode14-410327-07102023-saison3-All-Rise.html,07-10-2023
Arthdal Chronicles,2,09,tvN,Corée du Sud,episode09-411010-07102023-saison2-Arthdal-Chronicles.html,07-10-2023
Boomer,1,06,Één,Belgique,episode06-409827-07102023-saison1-Boomer.html,07-10-2023
Johnson,3,10,Bounce TV,Etats-Unis,episode10-410645-07102023-saison3-Johnson.html,07-10-2023
Arthdal Chronicles,2,10,tvN,Corée du Sud,episode10-411011-08102023-saison2-Arthdal-Chronicles.html,08-10-2023
Bob's Burgers,14,02,Fox,Etats-Unis,episode02-410729-08102023-saison14-Bob-s-Burgers.html,08-10-2023
Entre Tierras,1,05,ATRESplayer,Espagne,episode05-410971-08102023-saison1-Entre-Tierras.html,08-10-2023
Family Guy,22,02,Fox,Etats-Unis,episode02-410730-08102023-saison22-Family-Guy.html,08-10-2023
Heartland (CA),17,02,CBC,Canada,episode02-410535-08102023-saison17-Heartland-(CA).html,08-10-2023
Krapopolis,1,04,Fox,Etats-Unis,episode04-410328-08102023-saison1-Krapopolis.html,08-10-2023
Last Week Tonight With John Oliver,10,12,HBO,Etats-Unis,episode12-411014-08102023-saison10-Last-Week-Tonight-With-John-Oliver.html,08-10-2023
Les Mystères de l'amour,33,09,TMC,France,episode09-410595-08102023-saison33-Les-Mysteres-de-l-amour.html,08-10-2023
SkyMed,2,02,CBC Gem,Canada,episode02-410740-08102023-saison2-SkyMed.html,08-10-2023
The Simpsons,35,02,Fox,Etats-Unis,episode02-410728-08102023-saison35-The-Simpsons.html,08-10-2023
The Walking Dead: Daryl Dixon,1,05,AMC,Etats-Unis,episode05-409848-08102023-saison1-The-Walking-Dead-Daryl-Dixon.html,08-10-2023
The Winter King,1,06,ITVX,Royaume-Uni,episode06-409132-08102023-saison1-The-Winter-King.html,08-10-2023
When Calls the Heart,10,11,Hallmark Channel,Etats-Unis,episode11-407540-08102023-saison10-When-Calls-the-Heart.html,08-10-2023
5è Rang,6,05,Radio Canada,Canada,episode05-410914-09102023-saison6-5e-Rang.html,09-10-2023
66-5,1,07,Canal+,France,episode07-410555-09102023-saison1-66-5.html,09-10-2023
66-5,1,08,Canal+,France,episode08-410556-09102023-saison1-66-5.html,09-10-2023
Alertes,3,17,TVA,Canada,episode17-411030-09102023-saison3-Alertes.html,09-10-2023
Demain nous appartient,7,36,TF1,France,episode36-411033-09102023-saison7-Demain-nous-appartient.html,09-10-2023
Harry Wild,2,01,Acorn TV,Etats-Unis,episode01-410199-09102023-saison2-Harry-Wild.html,09-10-2023
Harry Wild,2,02,Acorn TV,Etats-Unis,episode02-410200-09102023-saison2-Harry-Wild.html,09-10-2023
Ici tout commence,4,31,TF1,France,episode31-411038-09102023-saison4-Ici-tout-commence.html,09-10-2023
Infiltré(e),1,05,France 2,France,episode05-410720-09102023-saison1-Infiltre(e).html,09-10-2023
Infiltré(e),1,06,France 2,France,episode06-410721-09102023-saison1-Infiltre(e).html,09-10-2023
Kamikaze (NOR),1,04,Discovery +,Suède,episode04-411031-09102023-saison1-Kamikaze-(NOR).html,09-10-2023
Mentiras pasajeras,1,01,Paramount+,Etats-Unis,episode01-410619-09102023-saison1-Mentiras-pasajeras.html,09-10-2023
Murdoch Mysteries,17,02,Citytv,Canada,episode02-410605-09102023-saison17-Murdoch-Mysteries.html,09-10-2023
Narvalo,3,05,Canal+,France,episode05-410629-09102023-saison3-Narvalo.html,09-10-2023
SOKO Potsdam,6,03,ZDF,Allemagne,episode03-410908-09102023-saison6-SOKO-Potsdam.html,09-10-2023
The Irrational,1,03,NBC,Etats-Unis,episode03-409679-09102023-saison1-The-Irrational.html,09-10-2023
Un Si Grand Soleil,6,27,France 2,France,episode27-411043-09102023-saison6-Un-Si-Grand-Soleil.html,09-10-2023
Ví?az,1,06,Showtime,Etats-Unis,episode06-410697-09102023-saison1-Viaz.html,09-10-2023
Alexandra Ehle,4,02,France 3,France,episode02-405395-10102023-saison4-Alexandra-Ehle.html,10-10-2023
À coeur battant,2,05,Radio Canada,Canada,episode05-410930-10102023-saison2-A-coeur-battant.html,10-10-2023
Club Soly,3,05,Noovo.ca,Canada,episode05-411047-10102023-saison3-Club-Soly.html,10-10-2023
Demain nous appartient,7,37,TF1,France,episode37-411034-10102023-saison7-Demain-nous-appartient.html,10-10-2023
Found,1,02,NBC,Etats-Unis,episode02-409591-10102023-saison1-Found.html,10-10-2023
Ici tout commence,4,32,TF1,France,episode32-411039-10102023-saison4-Ici-tout-commence.html,10-10-2023
4EVER,1,01,Disney+,Etats-Unis,episode01-411025-11102023-saison1-4EVER.html,11-10-2023
4EVER,1,02,Disney+,Etats-Unis,episode02-411026-11102023-saison1-4EVER.html,11-10-2023
4EVER,1,03,Disney+,Etats-Unis,episode03-411027-11102023-saison1-4EVER.html,11-10-2023
4EVER,1,04,Disney+,Etats-Unis,episode04-411028-11102023-saison1-4EVER.html,11-10-2023
4EVER,1,05,Disney+,Etats-Unis,episode05-411029-11102023-saison1-4EVER.html,11-10-2023
Aller simple,2,05,Noovo.ca,Canada,episode05-410650-11102023-saison2-Aller-simple.html,11-10-2023
Aller simple,2,06,Noovo.ca,Canada,episode06-411054-11102023-saison2-Aller-simple.html,11-10-2023
American Horror Story,12,04,FX,Etats-Unis,episode04-410339-11102023-saison12-American-Horror-Story.html,11-10-2023
Archer (2009),14,08,FXX,Etats-Unis,episode08-408905-11102023-saison14-Archer-(2009).html,11-10-2023
Bones of Crows,1,04,CBC,Canada,episode04-410782-11102023-saison1-Bones-of-Crows.html,11-10-2023
Children Ruin Everything,3,03,CTV,Canada,episode03-410932-11102023-saison3-Children-Ruin-Everything.html,11-10-2023
Chucky,3,02,Syfy,Etats-Unis,episode02-409115-11102023-saison3-Chucky.html,11-10-2023
Cooper's Bar,2,01,AMC,Etats-Unis,episode01-410431-11102023-saison2-Cooper-s-Bar.html,11-10-2023
Cooper's Bar,2,02,AMC,Etats-Unis,episode02-411062-11102023-saison2-Cooper-s-Bar.html,11-10-2023
Demain nous appartient,7,38,TF1,France,episode38-411035-11102023-saison7-Demain-nous-appartient.html,11-10-2023
Hans River Police,1,09,Disney+,Etats-Unis,episode09-409974-11102023-saison1-Hans-River-Police.html,11-10-2023
Hans River Police,1,10,Disney+,Etats-Unis,episode10-409975-11102023-saison1-Hans-River-Police.html,11-10-2023
Hudson & Rex,6,02,Citytv,Canada,episode02-410259-11102023-saison6-Hudson--Rex.html,11-10-2023
Ici tout commence,4,33,TF1,France,episode33-411040-11102023-saison4-Ici-tout-commence.html,11-10-2023
Invasion (2021),2,08,Apple TV+,Etats-Unis,episode08-407972-11102023-saison2-Invasion-(2021).html,11-10-2023
La Mesias,1,01,Moviestar+,Espagne,episode01-410340-11102023-saison1-La-Mesias.html,11-10-2023
La Mesias,1,02,Moviestar+,Espagne,episode02-410544-11102023-saison1-La-Mesias.html,11-10-2023
Magnum P.I. (2018),5,12,NBC,Etats-Unis,episode12-410783-11102023-saison5-Magnum-PI-(2018).html,11-10-2023
Nada,1,01,Star+,Espagne,episode01-410264-11102023-saison1-Nada.html,11-10-2023
Nada,1,02,Star+,Espagne,episode02-411069-11102023-saison1-Nada.html,11-10-2023
Nada,1,03,Star+,Espagne,episode03-411070-11102023-saison1-Nada.html,11-10-2023
Nada,1,04,Star+,Espagne,episode04-411071-11102023-saison1-Nada.html,11-10-2023
Nada,1,05,Star+,Espagne,episode05-411072-11102023-saison1-Nada.html,11-10-2023
Pacto de Silencio,1,01,Netflix,Etats-Unis,episode01-410272-11102023-saison1-Pacto-de-Silencio.html,11-10-2023
Pacto de Silencio,1,02,Netflix,Etats-Unis,episode02-411073-11102023-saison1-Pacto-de-Silencio.html,11-10-2023
Pacto de Silencio,1,03,Netflix,Etats-Unis,episode03-411074-11102023-saison1-Pacto-de-Silencio.html,11-10-2023
Pacto de Silencio,1,04,Netflix,Etats-Unis,episode04-411075-11102023-saison1-Pacto-de-Silencio.html,11-10-2023
Pacto de Silencio,1,05,Netflix,Etats-Unis,episode05-411076-11102023-saison1-Pacto-de-Silencio.html,11-10-2023
Pacto de Silencio,1,06,Netflix,Etats-Unis,episode06-411077-11102023-saison1-Pacto-de-Silencio.html,11-10-2023
Pacto de Silencio,1,07,Netflix,Etats-Unis,episode07-411078-11102023-saison1-Pacto-de-Silencio.html,11-10-2023
Pacto de Silencio,1,08,Netflix,Etats-Unis,episode08-411079-11102023-saison1-Pacto-de-Silencio.html,11-10-2023
Pacto de Silencio,1,09,Netflix,Etats-Unis,episode09-411080-11102023-saison1-Pacto-de-Silencio.html,11-10-2023
Pacto de Silencio,1,10,Netflix,Etats-Unis,episode10-411081-11102023-saison1-Pacto-de-Silencio.html,11-10-2023
Pacto de Silencio,1,11,Netflix,Etats-Unis,episode11-411082-11102023-saison1-Pacto-de-Silencio.html,11-10-2023
Pacto de Silencio,1,12,Netflix,Etats-Unis,episode12-411083-11102023-saison1-Pacto-de-Silencio.html,11-10-2023
Pacto de Silencio,1,13,Netflix,Etats-Unis,episode13-411084-11102023-saison1-Pacto-de-Silencio.html,11-10-2023
Pacto de Silencio,1,14,Netflix,Etats-Unis,episode14-411085-11102023-saison1-Pacto-de-Silencio.html,11-10-2023
Pacto de Silencio,1,15,Netflix,Etats-Unis,episode15-411086-11102023-saison1-Pacto-de-Silencio.html,11-10-2023
Pacto de Silencio,1,16,Netflix,Etats-Unis,episode16-411087-11102023-saison1-Pacto-de-Silencio.html,11-10-2023
Pacto de Silencio,1,17,Netflix,Etats-Unis,episode17-411088-11102023-saison1-Pacto-de-Silencio.html,11-10-2023
Pacto de Silencio,1,18,Netflix,Etats-Unis,episode18-411089-11102023-saison1-Pacto-de-Silencio.html,11-10-2023
Quantum Leap (2022),2,02,NBC,Etats-Unis,episode02-409735-11102023-saison2-Quantum-Leap-(2022).html,11-10-2023
Robyn Hood,1,03,Global,Canada,episode03-410950-11102023-saison1-Robyn-Hood.html,11-10-2023
SurrealEstate,2,02,Syfy,Etats-Unis,episode02-410804-11102023-saison2-SurrealEstate.html,11-10-2023
The Morning Show,3,06,Apple TV+,Etats-Unis,episode06-407701-11102023-saison3-The-Morning-Show.html,11-10-2023
The Worst of Evil,1,06,Disney+,Etats-Unis,episode06-410768-11102023-saison1-The-Worst-of-Evil.html,11-10-2023
The Worst of Evil,1,07,Disney+,Etats-Unis,episode07-410769-11102023-saison1-The-Worst-of-Evil.html,11-10-2023
Un Si Grand Soleil,6,28,France 2,France,episode28-411044-11102023-saison6-Un-Si-Grand-Soleil.html,11-10-2023
Young Dylan,4,06,Nickelodeon,Etats-Unis,episode06-410624-11102023-saison4-Young-Dylan.html,11-10-2023
All Creatures Great and Small (2020),4,02,Channel 5,Royaume-Uni,episode02-410698-12102023-saison4-All-Creatures-Great-and-Small-(2020).html,12-10-2023
Alphonse,1,01,Prime Video,Etats-Unis,episode01-411024-12102023-saison1-Alphonse.html,12-10-2023
Alphonse,1,02,Prime Video,Etats-Unis,episode02-411131-12102023-saison1-Alphonse.html,12-10-2023
Alphonse,1,03,Prime Video,Etats-Unis,episode03-411132-12102023-saison1-Alphonse.html,12-10-2023
À La Carte,2,05,ALLBLK,Etats-Unis,episode05-410518-12102023-saison2-A-La-Carte.html,12-10-2023
Cobra (UK),3,01,Sky1,Royaume-Uni,episode01-410604-12102023-saison3-Cobra-(UK).html,12-10-2023
Cobra (UK),3,02,Sky1,Royaume-Uni,episode02-411133-12102023-saison3-Cobra-(UK).html,12-10-2023
Cobra (UK),3,03,Sky1,Royaume-Uni,episode03-411134-12102023-saison3-Cobra-(UK).html,12-10-2023
Cobra (UK),3,04,Sky1,Royaume-Uni,episode04-411135-12102023-saison3-Cobra-(UK).html,12-10-2023
Cobra (UK),3,05,Sky1,Royaume-Uni,episode05-411136-12102023-saison3-Cobra-(UK).html,12-10-2023
Cobra (UK),3,06,Sky1,Royaume-Uni,episode06-411137-12102023-saison3-Cobra-(UK).html,12-10-2023
Demain nous appartient,7,39,TF1,France,episode39-411036-12102023-saison7-Demain-nous-appartient.html,12-10-2023
Doom Patrol,4,07,HBO Max,Etats-Unis,episode07-410004-12102023-saison4-Doom-Patrol.html,12-10-2023
Doom Patrol,4,08,HBO Max,Etats-Unis,episode08-410005-12102023-saison4-Doom-Patrol.html,12-10-2023
Frasier (2023),1,01,Paramount+,Etats-Unis,episode01-409723-12102023-saison1-Frasier-(2023).html,12-10-2023
Frasier (2023),1,02,Paramount+,Etats-Unis,episode02-409724-12102023-saison1-Frasier-(2023).html,12-10-2023
Ici tout commence,4,34,TF1,France,episode34-411041-12102023-saison4-Ici-tout-commence.html,12-10-2023
Les révoltés,1,07,Club illico ,Canada,episode07-411203-12102023-saison1-Les-revoltes.html,12-10-2023
Les révoltés,1,08,Club illico ,Canada,episode08-411204-12102023-saison1-Les-revoltes.html,12-10-2023
Loki,2,02,Disney+,Etats-Unis,episode02-410902-12102023-saison2-Loki.html,12-10-2023
LT-21,1,01,OCS,France,episode01-408962-12102023-saison1-LT-21.html,12-10-2023
LT-21,1,02,OCS,France,episode02-408963-12102023-saison1-LT-21.html,12-10-2023
Nackt über Berlin,1,01,Arte,France,episode01-410608-12102023-saison1-Nackt-uber-Berlin.html,12-10-2023
Nackt über Berlin,1,02,Arte,France,episode02-410609-12102023-saison1-Nackt-uber-Berlin.html,12-10-2023
Nackt über Berlin,1,03,Arte,France,episode03-410610-12102023-saison1-Nackt-uber-Berlin.html,12-10-2023
Our Flag Means Death,2,04,HBO Max,Etats-Unis,episode04-409665-12102023-saison2-Our-Flag-Means-Death.html,12-10-2023
Our Flag Means Death,2,05,HBO Max,Etats-Unis,episode05-409666-12102023-saison2-Our-Flag-Means-Death.html,12-10-2023
Star Trek: Lower Decks,4,07,Paramount+,Etats-Unis,episode07-409761-12102023-saison4-Star-Trek-Lower-Decks.html,12-10-2023
The Fall of the House of Usher,1,01,Netflix,Etats-Unis,episode01-408906-12102023-saison1-The-Fall-of-the-House-of-Usher.html,12-10-2023
The Fall of the House of Usher,1,02,Netflix,Etats-Unis,episode02-411090-12102023-saison1-The-Fall-of-the-House-of-Usher.html,12-10-2023
The Fall of the House of Usher,1,03,Netflix,Etats-Unis,episode03-411091-12102023-saison1-The-Fall-of-the-House-of-Usher.html,12-10-2023
The Fall of the House of Usher,1,04,Netflix,Etats-Unis,episode04-411092-12102023-saison1-The-Fall-of-the-House-of-Usher.html,12-10-2023
The Fall of the House of Usher,1,05,Netflix,Etats-Unis,episode05-411093-12102023-saison1-The-Fall-of-the-House-of-Usher.html,12-10-2023
The Fall of the House of Usher,1,06,Netflix,Etats-Unis,episode06-411094-12102023-saison1-The-Fall-of-the-House-of-Usher.html,12-10-2023
The Fall of the House of Usher,1,07,Netflix,Etats-Unis,episode07-411095-12102023-saison1-The-Fall-of-the-House-of-Usher.html,12-10-2023
The Fall of the House of Usher,1,08,Netflix,Etats-Unis,episode08-411096-12102023-saison1-The-Fall-of-the-House-of-Usher.html,12-10-2023
Un Si Grand Soleil,6,29,France 2,France,episode29-411045-12102023-saison6-Un-Si-Grand-Soleil.html,12-10-2023
Billions,7,10,Showtime,Etats-Unis,episode10-409767-13102023-saison7-Billions.html,13-10-2023
Bria Mack Gets A Life,1,01,CraveTV,Canada,episode01-410332-13102023-saison1-Bria-Mack-Gets-A-Life.html,13-10-2023
Bria Mack Gets A Life,1,02,CraveTV,Canada,episode02-410333-13102023-saison1-Bria-Mack-Gets-A-Life.html,13-10-2023
Bria Mack Gets A Life,1,03,CraveTV,Canada,episode03-410334-13102023-saison1-Bria-Mack-Gets-A-Life.html,13-10-2023
Creepshow,4,01,Shudder,Etats-Unis,episode01-410146-13102023-saison4-Creepshow.html,13-10-2023
Demain nous appartient,7,40,TF1,France,episode40-411037-13102023-saison7-Demain-nous-appartient.html,13-10-2023
Die Quellen des Bösen,1,01,RTL,Allemagne,episode01-411207-13102023-saison1-Die-Quellen-des-Bosen.html,13-10-2023
Die Quellen des Bösen,1,02,RTL,Allemagne,episode02-411208-13102023-saison1-Die-Quellen-des-Bosen.html,13-10-2023
Die Quellen des Bösen,1,03,RTL,Allemagne,episode03-411209-13102023-saison1-Die-Quellen-des-Bosen.html,13-10-2023
Die Quellen des Bösen,1,04,RTL,Allemagne,episode04-411210-13102023-saison1-Die-Quellen-des-Bosen.html,13-10-2023
Die Quellen des Bösen,1,05,RTL,Allemagne,episode05-411211-13102023-saison1-Die-Quellen-des-Bosen.html,13-10-2023
Die Quellen des Bösen,1,06,RTL,Allemagne,episode06-411212-13102023-saison1-Die-Quellen-des-Bosen.html,13-10-2023
Familjen Andersson,1,09,SVT Play,Suède,episode09-409540-13102023-saison1-Familjen-Andersson.html,13-10-2023
Gaslight,1,07,SVT Play,Suède,episode07-410683-13102023-saison1-Gaslight.html,13-10-2023
Gaslight,1,08,SVT Play,Suède,episode08-410684-13102023-saison1-Gaslight.html,13-10-2023
Gaslight,1,09,SVT Play,Suède,episode09-410685-13102023-saison1-Gaslight.html,13-10-2023
Gen V,1,05,Prime Video,Etats-Unis,episode05-408429-13102023-saison1-Gen-V.html,13-10-2023
Goosebumps (2023),1,01,Disney+,Etats-Unis,episode01-409978-13102023-saison1-Goosebumps-(2023).html,13-10-2023
Goosebumps (2023),1,02,Disney+,Etats-Unis,episode02-409979-13102023-saison1-Goosebumps-(2023).html,13-10-2023
Goosebumps (2023),1,03,Disney+,Etats-Unis,episode03-409980-13102023-saison1-Goosebumps-(2023).html,13-10-2023
Goosebumps (2023),1,04,Disney+,Etats-Unis,episode04-409981-13102023-saison1-Goosebumps-(2023).html,13-10-2023
Goosebumps (2023),1,05,Disney+,Etats-Unis,episode05-409982-13102023-saison1-Goosebumps-(2023).html,13-10-2023
Ici tout commence,4,35,TF1,France,episode35-411042-13102023-saison4-Ici-tout-commence.html,13-10-2023
John Carpenter's Suburban Screams,1,01,Peacock,Etats-Unis,episode01-410425-13102023-saison1-John-Carpenter-s-Suburban-Screams.html,13-10-2023
Lessons In Chemistry,1,01,Apple TV+,Etats-Unis,episode01-406597-13102023-saison1-Lessons-In-Chemistry.html,13-10-2023
Lessons In Chemistry,1,02,Apple TV+,Etats-Unis,episode02-406598-13102023-saison1-Lessons-In-Chemistry.html,13-10-2023
Power Book IV: Force,2,07,Starz,Etats-Unis,episode07-410802-13102023-saison2-Power-Book-IV-Force.html,13-10-2023
Shining Vale,2,01,Starz,Etats-Unis,episode01-409054-13102023-saison2-Shining-Vale.html,13-10-2023
Shoresy,2,04,CraveTV,Canada,episode04-410867-13102023-saison2-Shoresy.html,13-10-2023
SOKO Leipzig,24,08,ZDF,Allemagne,episode08-410562-13102023-saison24-SOKO-Leipzig.html,13-10-2023
Solsidan,8,04,TV4,Suède,episode04-411053-13102023-saison8-Solsidan.html,13-10-2023
Still Up,1,06,Apple TV+,Etats-Unis,episode06-408947-13102023-saison1-Still-Up.html,13-10-2023
The Changeling,1,08,Apple TV+,Etats-Unis,episode08-408183-13102023-saison1-The-Changeling.html,13-10-2023
The Good Ship Murder,1,01,Channel 5,Royaume-Uni,episode01-410952-13102023-saison1-The-Good-Ship-Murder.html,13-10-2023
Transplant,4,02,CTV,Canada,episode02-409737-13102023-saison4-Transplant.html,13-10-2023
Un Si Grand Soleil,6,30,France 2,France,episode30-411046-13102023-saison6-Un-Si-Grand-Soleil.html,13-10-2023
All Rise,3,15,OWN,Etats-Unis,episode15-410329-14102023-saison3-All-Rise.html,14-10-2023
Arthdal Chronicles,2,11,tvN,Corée du Sud,episode11-411012-14102023-saison2-Arthdal-Chronicles.html,14-10-2023
Boomer,1,07,Één,Belgique,episode07-409828-14102023-saison1-Boomer.html,14-10-2023
Arthdal Chronicles,2,12,tvN,Corée du Sud,episode12-411013-15102023-saison2-Arthdal-Chronicles.html,15-10-2023
Billy the Kid,2,01,Epix,Etats-Unis,episode01-409587-15102023-saison2-Billy-the-Kid.html,15-10-2023
Entre Tierras,1,06,ATRESplayer,Espagne,episode06-410972-15102023-saison1-Entre-Tierras.html,15-10-2023
Heartland (CA),17,03,CBC,Canada,episode03-410869-15102023-saison17-Heartland-(CA).html,15-10-2023
Last Week Tonight With John Oliver,10,13,HBO,Etats-Unis,episode13-411282-15102023-saison10-Last-Week-Tonight-With-John-Oliver.html,15-10-2023
Les Mystères de l'amour,33,10,TMC,France,episode10-410795-15102023-saison33-Les-Mysteres-de-l-amour.html,15-10-2023
Pantheon,2,01,Prime Video,Etats-Unis,episode01-411163-15102023-saison2-Pantheon.html,15-10-2023
Pantheon,2,02,Prime Video,Etats-Unis,episode02-411164-15102023-saison2-Pantheon.html,15-10-2023
Pantheon,2,03,Prime Video,Etats-Unis,episode03-411165-15102023-saison2-Pantheon.html,15-10-2023
Pantheon,2,04,Prime Video,Etats-Unis,episode04-411166-15102023-saison2-Pantheon.html,15-10-2023
Pantheon,2,05,Prime Video,Etats-Unis,episode05-411167-15102023-saison2-Pantheon.html,15-10-2023
Pantheon,2,06,Prime Video,Etats-Unis,episode06-411168-15102023-saison2-Pantheon.html,15-10-2023
Pantheon,2,07,Prime Video,Etats-Unis,episode07-411169-15102023-saison2-Pantheon.html,15-10-2023
Pantheon,2,08,Prime Video,Etats-Unis,episode08-411170-15102023-saison2-Pantheon.html,15-10-2023
Rick and Morty,7,01,Adult Swim,Etats-Unis,episode01-409644-15102023-saison7-Rick-and-Morty.html,15-10-2023
SkyMed,2,03,CBC Gem,Canada,episode03-410741-15102023-saison2-SkyMed.html,15-10-2023
The Walking Dead: Daryl Dixon,1,06,AMC,Etats-Unis,episode06-409849-15102023-saison1-The-Walking-Dead-Daryl-Dixon.html,15-10-2023
The Winter King,1,07,ITVX,Royaume-Uni,episode07-409133-15102023-saison1-The-Winter-King.html,15-10-2023
When Calls the Heart,10,12,Hallmark Channel,Etats-Unis,episode12-407541-15102023-saison10-When-Calls-the-Heart.html,15-10-2023
5è Rang,6,06,Radio Canada,Canada,episode06-411292-16102023-saison6-5e-Rang.html,16-10-2023
Acting Good,2,01,The Comedy Network,Canada,episode01-411121-16102023-saison2-Acting-Good.html,16-10-2023
D'argent et de sang,1,01,Canal+,France,episode01-410171-16102023-saison1-D-argent-et-de-sang.html,16-10-2023
Harry Wild,2,03,Acorn TV,Etats-Unis,episode03-410201-16102023-saison2-Harry-Wild.html,16-10-2023
Murdoch Mysteries,17,03,Citytv,Canada,episode03-410870-16102023-saison17-Murdoch-Mysteries.html,16-10-2023
Narvalo,3,06,Canal+,France,episode06-410630-16102023-saison3-Narvalo.html,16-10-2023
SOKO Potsdam,6,04,ZDF,Allemagne,episode04-410909-16102023-saison6-SOKO-Potsdam.html,16-10-2023
The Irrational,1,04,NBC,Etats-Unis,episode04-409863-16102023-saison1-The-Irrational.html,16-10-2023
Found,1,03,NBC,Etats-Unis,episode03-409894-17102023-saison1-Found.html,17-10-2023
The Oval,5,01,BET,Etats-Unis,episode01-410192-17102023-saison5-The-Oval.html,17-10-2023
American Horror Story,12,05,FX,Etats-Unis,episode05-410785-18102023-saison12-American-Horror-Story.html,18-10-2023
Bones of Crows,1,05,CBC,Canada,episode05-410805-18102023-saison1-Bones-of-Crows.html,18-10-2023
Children Ruin Everything,3,04,CTV,Canada,episode04-411015-18102023-saison3-Children-Ruin-Everything.html,18-10-2023
Chucky,3,03,Syfy,Etats-Unis,episode03-409116-18102023-saison3-Chucky.html,18-10-2023
Cooper's Bar,2,03,AMC,Etats-Unis,episode03-411063-18102023-saison2-Cooper-s-Bar.html,18-10-2023
Hudson & Rex,6,03,Citytv,Canada,episode03-411097-18102023-saison6-Hudson--Rex.html,18-10-2023
Invasion (2021),2,09,Apple TV+,Etats-Unis,episode09-407973-18102023-saison2-Invasion-(2021).html,18-10-2023
Kaala Paani,1,01,Netflix,Etats-Unis,episode01-410946-18102023-saison1-Kaala-Paani.html,18-10-2023
Kaala Paani,1,02,Netflix,Etats-Unis,episode02-411286-18102023-saison1-Kaala-Paani.html,18-10-2023
Kaala Paani,1,03,Netflix,Etats-Unis,episode03-411287-18102023-saison1-Kaala-Paani.html,18-10-2023
Kaala Paani,1,04,Netflix,Etats-Unis,episode04-411288-18102023-saison1-Kaala-Paani.html,18-10-2023
Kaala Paani,1,05,Netflix,Etats-Unis,episode05-411289-18102023-saison1-Kaala-Paani.html,18-10-2023
Kaala Paani,1,06,Netflix,Etats-Unis,episode06-411290-18102023-saison1-Kaala-Paani.html,18-10-2023
Kaala Paani,1,07,Netflix,Etats-Unis,episode07-411291-18102023-saison1-Kaala-Paani.html,18-10-2023
Les invisibles (FRA),3,01,France.tv,France,episode01-411303-18102023-saison3-Les-invisibles-(FRA).html,18-10-2023
Les invisibles (FRA),3,02,France.tv,France,episode02-411304-18102023-saison3-Les-invisibles-(FRA).html,18-10-2023
Les invisibles (FRA),3,03,France.tv,France,episode03-411305-18102023-saison3-Les-invisibles-(FRA).html,18-10-2023
Les invisibles (FRA),3,04,France.tv,France,episode04-411306-18102023-saison3-Les-invisibles-(FRA).html,18-10-2023
Les invisibles (FRA),3,05,France.tv,France,episode05-411307-18102023-saison3-Les-invisibles-(FRA).html,18-10-2023
Les invisibles (FRA),3,06,France.tv,France,episode06-411308-18102023-saison3-Les-invisibles-(FRA).html,18-10-2023
Magnum P.I. (2018),5,13,NBC,Etats-Unis,episode13-410784-18102023-saison5-Magnum-PI-(2018).html,18-10-2023
Quantum Leap (2022),2,03,NBC,Etats-Unis,episode03-409964-18102023-saison2-Quantum-Leap-(2022).html,18-10-2023
Robyn Hood,1,04,Global,Canada,episode04-410951-18102023-saison1-Robyn-Hood.html,18-10-2023
Sistas,6,12,BET,Etats-Unis,episode12-410186-18102023-saison6-Sistas.html,18-10-2023
SurrealEstate,2,03,Syfy,Etats-Unis,episode03-410882-18102023-saison2-SurrealEstate.html,18-10-2023
The Morning Show,3,07,Apple TV+,Etats-Unis,episode07-407702-18102023-saison3-The-Morning-Show.html,18-10-2023
The Worst of Evil,1,08,Disney+,Etats-Unis,episode08-410770-18102023-saison1-The-Worst-of-Evil.html,18-10-2023
The Worst of Evil,1,09,Disney+,Etats-Unis,episode09-410771-18102023-saison1-The-Worst-of-Evil.html,18-10-2023
Young Dylan,4,07,Nickelodeon,Etats-Unis,episode07-410806-18102023-saison4-Young-Dylan.html,18-10-2023
All Creatures Great and Small (2020),4,03,Channel 5,Royaume-Uni,episode03-410817-19102023-saison4-All-Creatures-Great-and-Small-(2020).html,19-10-2023
À La Carte,2,06,ALLBLK,Etats-Unis,episode06-410519-19102023-saison2-A-La-Carte.html,19-10-2023
Bodies (2023),1,01,Netflix,Etats-Unis,episode01-409738-19102023-saison1-Bodies-(2023).html,19-10-2023
Bodies (2023),1,02,Netflix,Etats-Unis,episode02-409150-19102023-saison1-Bodies-(2023).html,19-10-2023
Bodies (2023),1,03,Netflix,Etats-Unis,episode03-409149-19102023-saison1-Bodies-(2023).html,19-10-2023
Bodies (2023),1,04,Netflix,Etats-Unis,episode04-409148-19102023-saison1-Bodies-(2023).html,19-10-2023
Bodies (2023),1,05,Netflix,Etats-Unis,episode05-411058-19102023-saison1-Bodies-(2023).html,19-10-2023
Bodies (2023),1,06,Netflix,Etats-Unis,episode06-411059-19102023-saison1-Bodies-(2023).html,19-10-2023
Bodies (2023),1,07,Netflix,Etats-Unis,episode07-411060-19102023-saison1-Bodies-(2023).html,19-10-2023
Bodies (2023),1,08,Netflix,Etats-Unis,episode08-411061-19102023-saison1-Bodies-(2023).html,19-10-2023
Crashing Eid,1,01,Netflix,Etats-Unis,episode01-410955-19102023-saison1-Crashing-Eid.html,19-10-2023
Doom Patrol,4,09,HBO Max,Etats-Unis,episode09-410006-19102023-saison4-Doom-Patrol.html,19-10-2023
Frasier (2023),1,03,Paramount+,Etats-Unis,episode03-409725-19102023-saison1-Frasier-(2023).html,19-10-2023
La Mesias,1,03,Moviestar+,Espagne,episode03-410545-19102023-saison1-La-Mesias.html,19-10-2023
Les révoltés,1,09,Club illico ,Canada,episode09-411205-19102023-saison1-Les-revoltes.html,19-10-2023
Les révoltés,1,10,Club illico ,Canada,episode10-411206-19102023-saison1-Les-revoltes.html,19-10-2023
Loki,2,03,Disney+,Etats-Unis,episode03-410903-19102023-saison2-Loki.html,19-10-2023
LT-21,1,03,OCS,France,episode03-408964-19102023-saison1-LT-21.html,19-10-2023
LT-21,1,04,OCS,France,episode04-408965-19102023-saison1-LT-21.html,19-10-2023
Nackt über Berlin,1,04,Arte,France,episode04-410611-19102023-saison1-Nackt-uber-Berlin.html,19-10-2023
Nackt über Berlin,1,05,Arte,France,episode05-410612-19102023-saison1-Nackt-uber-Berlin.html,19-10-2023
Nackt über Berlin,1,06,Arte,France,episode06-410613-19102023-saison1-Nackt-uber-Berlin.html,19-10-2023
Neon,1,01,Netflix,Etats-Unis,episode01-409747-19102023-saison1-Neon.html,19-10-2023
Neon,1,02,Netflix,Etats-Unis,episode02-409748-19102023-saison1-Neon.html,19-10-2023
Neon,1,03,Netflix,Etats-Unis,episode03-409749-19102023-saison1-Neon.html,19-10-2023
Neon,1,04,Netflix,Etats-Unis,episode04-409750-19102023-saison1-Neon.html,19-10-2023
Neon,1,05,Netflix,Etats-Unis,episode05-409751-19102023-saison1-Neon.html,19-10-2023
Neon,1,06,Netflix,Etats-Unis,episode06-409752-19102023-saison1-Neon.html,19-10-2023
Neon,1,07,Netflix,Etats-Unis,episode07-409753-19102023-saison1-Neon.html,19-10-2023
Neon,1,08,Netflix,Etats-Unis,episode08-409754-19102023-saison1-Neon.html,19-10-2023
Our Flag Means Death,2,06,HBO Max,Etats-Unis,episode06-409667-19102023-saison2-Our-Flag-Means-Death.html,19-10-2023
Our Flag Means Death,2,07,HBO Max,Etats-Unis,episode07-409668-19102023-saison2-Our-Flag-Means-Death.html,19-10-2023
Star Trek: Lower Decks,4,08,Paramount+,Etats-Unis,episode08-409762-19102023-saison4-Star-Trek-Lower-Decks.html,19-10-2023
The Burning Girls,1,01,Paramount+,Etats-Unis,episode01-410587-19102023-saison1-The-Burning-Girls.html,19-10-2023
The Burning Girls,1,02,Paramount+,Etats-Unis,episode02-411309-19102023-saison1-The-Burning-Girls.html,19-10-2023
The Burning Girls,1,03,Paramount+,Etats-Unis,episode03-411310-19102023-saison1-The-Burning-Girls.html,19-10-2023
The Burning Girls,1,04,Paramount+,Etats-Unis,episode04-411311-19102023-saison1-The-Burning-Girls.html,19-10-2023
The Burning Girls,1,05,Paramount+,Etats-Unis,episode05-411312-19102023-saison1-The-Burning-Girls.html,19-10-2023
The Burning Girls,1,06,Paramount+,Etats-Unis,episode06-411313-19102023-saison1-The-Burning-Girls.html,19-10-2023
Wicked City (2022),2,01,ALLBLK,Etats-Unis,episode01-411118-19102023-saison2-Wicked-City-(2022).html,19-10-2023
Wolf Like Me,2,01,Peacock,Etats-Unis,episode01-409700-19102023-saison2-Wolf-Like-Me.html,19-10-2023
Wolf Like Me,2,02,Peacock,Etats-Unis,episode02-409701-19102023-saison2-Wolf-Like-Me.html,19-10-2023
Wolf Like Me,2,03,Peacock,Etats-Unis,episode03-409702-19102023-saison2-Wolf-Like-Me.html,19-10-2023
Wolf Like Me,2,04,Peacock,Etats-Unis,episode04-409703-19102023-saison2-Wolf-Like-Me.html,19-10-2023
Wolf Like Me,2,05,Peacock,Etats-Unis,episode05-409704-19102023-saison2-Wolf-Like-Me.html,19-10-2023
Wolf Like Me,2,06,Peacock,Etats-Unis,episode06-409705-19102023-saison2-Wolf-Like-Me.html,19-10-2023
Wolf Like Me,2,07,Peacock,Etats-Unis,episode07-409706-19102023-saison2-Wolf-Like-Me.html,19-10-2023
Big Mouth,7,01,Netflix,Etats-Unis,episode01-410260-20102023-saison7-Big-Mouth.html,19-10-2023
Billions,7,11,Showtime,Etats-Unis,episode11-409776-20102023-saison7-Billions.html,19-10-2023
Bosch: Legacy,2,01,Amazon Freevee,Etats-Unis,episode01-409707-20102023-saison2-Bosch-Legacy.html,19-10-2023
Bosch: Legacy,2,02,Amazon Freevee,Etats-Unis,episode02-409708-20102023-saison2-Bosch-Legacy.html,19-10-2023
Bosch: Legacy,2,03,Amazon Freevee,Etats-Unis,episode03-409709-20102023-saison2-Bosch-Legacy.html,19-10-2023
Bosch: Legacy,2,04,Amazon Freevee,Etats-Unis,episode04-409710-20102023-saison2-Bosch-Legacy.html,19-10-2023
Bria Mack Gets A Life,1,04,CraveTV,Canada,episode04-410335-20102023-saison1-Bria-Mack-Gets-A-Life.html,19-10-2023
Bria Mack Gets A Life,1,05,CraveTV,Canada,episode05-410336-20102023-saison1-Bria-Mack-Gets-A-Life.html,19-10-2023
Bria Mack Gets A Life,1,06,CraveTV,Canada,episode06-410337-20102023-saison1-Bria-Mack-Gets-A-Life.html,19-10-2023
Doona!,1,01,Netflix,Etats-Unis,episode01-410162-20102023-saison1-Doona.html,19-10-2023
Doona!,1,02,Netflix,Etats-Unis,episode02-410163-20102023-saison1-Doona.html,19-10-2023
Doona!,1,03,Netflix,Etats-Unis,episode03-410164-20102023-saison1-Doona.html,19-10-2023
Doona!,1,04,Netflix,Etats-Unis,episode04-410165-20102023-saison1-Doona.html,19-10-2023
Doona!,1,05,Netflix,Etats-Unis,episode05-410166-20102023-saison1-Doona.html,19-10-2023
Doona!,1,06,Netflix,Etats-Unis,episode06-410167-20102023-saison1-Doona.html,19-10-2023
Doona!,1,07,Netflix,Etats-Unis,episode07-410168-20102023-saison1-Doona.html,19-10-2023
Doona!,1,08,Netflix,Etats-Unis,episode08-410169-20102023-saison1-Doona.html,19-10-2023
Doona!,1,09,Netflix,Etats-Unis,episode09-410170-20102023-saison1-Doona.html,19-10-2023
Élite,7,01,Netflix,Etats-Unis,episode01-407350-20102023-saison7-Elite.html,19-10-2023
Élite,7,02,Netflix,Etats-Unis,episode02-407351-20102023-saison7-Elite.html,19-10-2023
Élite,7,03,Netflix,Etats-Unis,episode03-407352-20102023-saison7-Elite.html,19-10-2023
Élite,7,04,Netflix,Etats-Unis,episode04-407353-20102023-saison7-Elite.html,19-10-2023
Élite,7,05,Netflix,Etats-Unis,episode05-407354-20102023-saison7-Elite.html,19-10-2023
Élite,7,06,Netflix,Etats-Unis,episode06-407355-20102023-saison7-Elite.html,19-10-2023
Élite,7,07,Netflix,Etats-Unis,episode07-407356-20102023-saison7-Elite.html,19-10-2023
Élite,7,08,Netflix,Etats-Unis,episode08-407357-20102023-saison7-Elite.html,19-10-2023
Familjen Andersson,1,10,SVT Play,Suède,episode10-409541-20102023-saison1-Familjen-Andersson.html,19-10-2023
Gen V,1,06,Prime Video,Etats-Unis,episode06-408430-20102023-saison1-Gen-V.html,19-10-2023
Goosebumps (2023),1,06,Disney+,Etats-Unis,episode06-409983-20102023-saison1-Goosebumps-(2023).html,19-10-2023
Lessons In Chemistry,1,03,Apple TV+,Etats-Unis,episode03-406599-20102023-saison1-Lessons-In-Chemistry.html,19-10-2023
Power Book IV: Force,2,08,Starz,Etats-Unis,episode08-410987-20102023-saison2-Power-Book-IV-Force.html,19-10-2023
Shining Vale,2,02,Starz,Etats-Unis,episode02-411122-20102023-saison2-Shining-Vale.html,19-10-2023
SOKO Leipzig,24,09,ZDF,Allemagne,episode09-410563-20102023-saison24-SOKO-Leipzig.html,19-10-2023
Still Up,1,07,Apple TV+,Etats-Unis,episode07-408948-20102023-saison1-Still-Up.html,19-10-2023
The Good Ship Murder,1,02,Channel 5,Royaume-Uni,episode02-410953-20102023-saison1-The-Good-Ship-Murder.html,19-10-2023
Transplant,4,03,CTV,Canada,episode03-409839-20102023-saison4-Transplant.html,19-10-2023
Upload,3,01,Prime Video,Etats-Unis,episode01-410010-20102023-saison3-Upload.html,19-10-2023
Upload,3,02,Prime Video,Etats-Unis,episode02-410011-20102023-saison3-Upload.html,19-10-2023
Yaratilan,1,01,Netflix,Etats-Unis,episode01-409988-20102023-saison1-Yaratilan.html,19-10-2023
All Rise,3,16,OWN,Etats-Unis,episode16-410330-21102023-saison3-All-Rise.html,21-10-2023
Boomer,1,08,Één,Belgique,episode08-409829-21102023-saison1-Boomer.html,21-10-2023
Billy the Kid,2,02,Epix,Etats-Unis,episode02-409588-22102023-saison2-Billy-the-Kid.html,22-10-2023
Bob's Burgers,14,03,Fox,Etats-Unis,episode03-410885-22102023-saison14-Bob-s-Burgers.html,22-10-2023
Entre Tierras,1,07,ATRESplayer,Espagne,episode07-410973-22102023-saison1-Entre-Tierras.html,22-10-2023
Family Guy,22,03,Fox,Etats-Unis,episode03-410998-22102023-saison22-Family-Guy.html,22-10-2023
Fear the Walking Dead,8,07,AMC,Etats-Unis,episode07-408754-22102023-saison8-Fear-the-Walking-Dead.html,22-10-2023
Heartland (CA),17,04,CBC,Canada,episode04-410871-22102023-saison17-Heartland-(CA).html,22-10-2023
Krapopolis,1,05,Fox,Etats-Unis,episode05-410699-22102023-saison1-Krapopolis.html,22-10-2023
Les Mystères de l'amour,33,11,TMC,France,episode11-410883-22102023-saison33-Les-Mysteres-de-l-amour.html,22-10-2023
Rick and Morty,7,02,Adult Swim,Etats-Unis,episode02-410175-22102023-saison7-Rick-and-Morty.html,22-10-2023
SkyMed,2,04,CBC Gem,Canada,episode04-411101-22102023-saison2-SkyMed.html,22-10-2023
The Simpsons,35,03,Fox,Etats-Unis,episode03-410884-22102023-saison35-The-Simpsons.html,22-10-2023
The Villains of Valley View,2,17,Disney Channel,Etats-Unis,episode17-411283-22102023-saison2-The-Villains-of-Valley-View.html,22-10-2023
The Winter King,1,08,ITVX,Royaume-Uni,episode08-409134-22102023-saison1-The-Winter-King.html,22-10-2023
30 Monedas,2,01,HBO Europe,Europe,episode01-410606-23102023-saison2-30-Monedas.html,23-10-2023
5è Rang,6,07,Radio Canada,Canada,episode07-411293-23102023-saison6-5e-Rang.html,23-10-2023
Acting Good,2,02,The Comedy Network,Canada,episode02-411294-23102023-saison2-Acting-Good.html,23-10-2023
Harry Wild,2,04,Acorn TV,Etats-Unis,episode04-410202-23102023-saison2-Harry-Wild.html,23-10-2023
Murdoch Mysteries,17,04,Citytv,Canada,episode04-410872-23102023-saison17-Murdoch-Mysteries.html,23-10-2023
Narvalo,3,07,Canal+,France,episode07-410631-23102023-saison3-Narvalo.html,23-10-2023
SOKO Potsdam,6,05,ZDF,Allemagne,episode05-410910-23102023-saison6-SOKO-Potsdam.html,23-10-2023
Spooky Files,1,01,CBBC,Royaume-Uni,episode01-411213-23102023-saison1-Spooky-Files.html,23-10-2023
Spooky Files,1,02,CBBC,Royaume-Uni,episode02-411214-23102023-saison1-Spooky-Files.html,23-10-2023
Spooky Files,1,03,CBBC,Royaume-Uni,episode03-411215-23102023-saison1-Spooky-Files.html,23-10-2023
Spooky Files,1,04,CBBC,Royaume-Uni,episode04-411216-23102023-saison1-Spooky-Files.html,23-10-2023
Spooky Files,1,05,CBBC,Royaume-Uni,episode05-411217-23102023-saison1-Spooky-Files.html,23-10-2023
The Irrational,1,05,NBC,Etats-Unis,episode05-409864-23102023-saison1-The-Irrational.html,23-10-2023
Found,1,04,NBC,Etats-Unis,episode04-409895-24102023-saison1-Found.html,24-10-2023
The Oval,5,02,BET,Etats-Unis,episode02-411123-24102023-saison5-The-Oval.html,24-10-2023
Absolutni debiutanci,1,01,Netflix,Etats-Unis,episode01-410956-25102023-saison1-Absolutni-debiutanci.html,25-10-2023
American Horror Story,12,06,FX,Etats-Unis,episode06-410999-25102023-saison12-American-Horror-Story.html,25-10-2023
Chucky,3,04,Syfy,Etats-Unis,episode04-409117-25102023-saison3-Chucky.html,25-10-2023
Cooper's Bar,2,04,AMC,Etats-Unis,episode04-411064-25102023-saison2-Cooper-s-Bar.html,25-10-2023
Hudson & Rex,6,04,Citytv,Canada,episode04-411098-25102023-saison6-Hudson--Rex.html,25-10-2023
Invasion (2021),2,10,Apple TV+,Etats-Unis,episode10-407974-25102023-saison2-Invasion-(2021).html,25-10-2023
Magnum P.I. (2018),5,14,NBC,Etats-Unis,episode14-410786-25102023-saison5-Magnum-PI-(2018).html,25-10-2023
Quantum Leap (2022),2,04,NBC,Etats-Unis,episode04-410254-25102023-saison2-Quantum-Leap-(2022).html,25-10-2023
Robyn Hood,1,05,Global,Canada,episode05-411016-25102023-saison1-Robyn-Hood.html,25-10-2023
Sistas,6,13,BET,Etats-Unis,episode13-411158-25102023-saison6-Sistas.html,25-10-2023
SurrealEstate,2,04,Syfy,Etats-Unis,episode04-410886-25102023-saison2-SurrealEstate.html,25-10-2023
The Morning Show,3,08,Apple TV+,Etats-Unis,episode08-407703-25102023-saison3-The-Morning-Show.html,25-10-2023
The Worst of Evil,1,10,Disney+,Etats-Unis,episode10-410772-25102023-saison1-The-Worst-of-Evil.html,25-10-2023
The Worst of Evil,1,11,Disney+,Etats-Unis,episode11-410773-25102023-saison1-The-Worst-of-Evil.html,25-10-2023
The Worst of Evil,1,12,Disney+,Etats-Unis,episode12-410774-25102023-saison1-The-Worst-of-Evil.html,25-10-2023
Young Dylan,4,08,Nickelodeon,Etats-Unis,episode08-410988-25102023-saison4-Young-Dylan.html,25-10-2023
All Creatures Great and Small (2020),4,04,Channel 5,Royaume-Uni,episode04-410984-26102023-saison4-All-Creatures-Great-and-Small-(2020).html,26-10-2023
American Horror Stories,3,01,FX,Etats-Unis,episode01-409055-26102023-saison3-American-Horror-Stories.html,26-10-2023
American Horror Stories,3,02,FX,Etats-Unis,episode02-411055-26102023-saison3-American-Horror-Stories.html,26-10-2023
American Horror Stories,3,03,FX,Etats-Unis,episode03-411056-26102023-saison3-American-Horror-Stories.html,26-10-2023
American Horror Stories,3,04,FX,Etats-Unis,episode04-411057-26102023-saison3-American-Horror-Stories.html,26-10-2023
À La Carte,2,07,ALLBLK,Etats-Unis,episode07-410520-26102023-saison2-A-La-Carte.html,26-10-2023
Doom Patrol,4,10,HBO Max,Etats-Unis,episode10-410007-26102023-saison4-Doom-Patrol.html,26-10-2023
Frasier (2023),1,04,Paramount+,Etats-Unis,episode04-409726-26102023-saison1-Frasier-(2023).html,26-10-2023
La Mesias,1,04,Moviestar+,Espagne,episode04-410546-26102023-saison1-La-Mesias.html,26-10-2023
Loki,2,04,Disney+,Etats-Unis,episode04-410904-26102023-saison2-Loki.html,26-10-2023
LT-21,1,05,OCS,France,episode05-408966-26102023-saison1-LT-21.html,26-10-2023
LT-21,1,06,OCS,France,episode06-408967-26102023-saison1-LT-21.html,26-10-2023
Our Flag Means Death,2,08,HBO Max,Etats-Unis,episode08-409669-26102023-saison2-Our-Flag-Means-Death.html,26-10-2023
Pluto,1,01,Netflix,Etats-Unis,episode01-406634-26102023-saison1-Pluto.html,26-10-2023
Star Trek: Lower Decks,4,09,Paramount+,Etats-Unis,episode09-409763-26102023-saison4-Star-Trek-Lower-Decks.html,26-10-2023
The Vanishing Triangle,1,01,SundanceTV,Etats-Unis,episode01-410193-26102023-saison1-The-Vanishing-Triangle.html,26-10-2023
The Vanishing Triangle,1,02,SundanceTV,Etats-Unis,episode02-410194-26102023-saison1-The-Vanishing-Triangle.html,26-10-2023
Billions,7,12,Showtime,Etats-Unis,episode12-409777-27102023-saison7-Billions.html,27-10-2023
Bosch: Legacy,2,05,Amazon Freevee,Etats-Unis,episode05-409711-27102023-saison2-Bosch-Legacy.html,27-10-2023
Bosch: Legacy,2,06,Amazon Freevee,Etats-Unis,episode06-409712-27102023-saison2-Bosch-Legacy.html,27-10-2023
Fellow Travelers 1,1,01,Showtime,Etats-Unis,episode01-409066-27102023-saison1-Fellow-Travelers-1.html,27-10-2023
Gen V,1,07,Prime Video,Etats-Unis,episode07-408431-27102023-saison1-Gen-V.html,27-10-2023
Goosebumps (2023),1,07,Disney+,Etats-Unis,episode07-409984-27102023-saison1-Goosebumps-(2023).html,27-10-2023
Lessons In Chemistry,1,04,Apple TV+,Etats-Unis,episode04-406600-27102023-saison1-Lessons-In-Chemistry.html,27-10-2023
Memento Mori,1,01,Prime Video,Etats-Unis,episode01-410947-27102023-saison1-Memento-Mori.html,27-10-2023
Shining Vale,2,03,Starz,Etats-Unis,episode03-411124-27102023-saison2-Shining-Vale.html,27-10-2023
SOKO Leipzig,24,10,ZDF,Allemagne,episode10-410564-27102023-saison24-SOKO-Leipzig.html,27-10-2023
Still Up,1,08,Apple TV+,Etats-Unis,episode08-408949-27102023-saison1-Still-Up.html,27-10-2023
The Good Ship Murder,1,03,Channel 5,Royaume-Uni,episode03-410954-27102023-saison1-The-Good-Ship-Murder.html,27-10-2023
Tore,1,01,Netflix,Etats-Unis,episode01-410156-27102023-saison1-Tore.html,27-10-2023
Tore,1,02,Netflix,Etats-Unis,episode02-410157-27102023-saison1-Tore.html,27-10-2023
Tore,1,03,Netflix,Etats-Unis,episode03-410158-27102023-saison1-Tore.html,27-10-2023
Tore,1,04,Netflix,Etats-Unis,episode04-410159-27102023-saison1-Tore.html,27-10-2023
Tore,1,05,Netflix,Etats-Unis,episode05-410160-27102023-saison1-Tore.html,27-10-2023
Tore,1,06,Netflix,Etats-Unis,episode06-410161-27102023-saison1-Tore.html,27-10-2023
Transplant,4,04,CTV,Canada,episode04-409840-27102023-saison4-Transplant.html,27-10-2023
Upload,3,03,Prime Video,Etats-Unis,episode03-410012-27102023-saison3-Upload.html,27-10-2023
Upload,3,04,Prime Video,Etats-Unis,episode04-410013-27102023-saison3-Upload.html,27-10-2023
All Rise,3,17,OWN,Etats-Unis,episode17-410331-28102023-saison3-All-Rise.html,28-10-2023
Boomer,1,09,Één,Belgique,episode09-409830-28102023-saison1-Boomer.html,28-10-2023
Billy the Kid,2,03,Epix,Etats-Unis,episode03-409589-29102023-saison2-Billy-the-Kid.html,29-10-2023
Bob's Burgers,14,04,Fox,Etats-Unis,episode04-410887-29102023-saison14-Bob-s-Burgers.html,29-10-2023
Entre Tierras,1,08,ATRESplayer,Espagne,episode08-410974-29102023-saison1-Entre-Tierras.html,29-10-2023
Fear the Walking Dead,8,08,AMC,Etats-Unis,episode08-408755-29102023-saison8-Fear-the-Walking-Dead.html,29-10-2023
Heartland (CA),17,05,CBC,Canada,episode05-411244-29102023-saison17-Heartland-(CA).html,29-10-2023
Krapopolis,1,06,Fox,Etats-Unis,episode06-410700-29102023-saison1-Krapopolis.html,29-10-2023
Les Mystères de l'amour,33,12,TMC,France,episode12-411100-29102023-saison33-Les-Mysteres-de-l-amour.html,29-10-2023
Rick and Morty,7,03,Adult Swim,Etats-Unis,episode03-411159-29102023-saison7-Rick-and-Morty.html,29-10-2023
SkyMed,2,05,CBC Gem,Canada,episode05-411280-29102023-saison2-SkyMed.html,29-10-2023
The Gilded Age,2,01,HBO,Etats-Unis,episode01-409717-29102023-saison2-The-Gilded-Age.html,29-10-2023
The Simpsons,35,04,Fox,Etats-Unis,episode04-410985-29102023-saison35-The-Simpsons.html,29-10-2023
The Winter King,1,09,ITVX,Royaume-Uni,episode09-409135-29102023-saison1-The-Winter-King.html,29-10-2023
Acting Good,2,03,The Comedy Network,Canada,episode03-411295-30102023-saison2-Acting-Good.html,30-10-2023
American Dad!,19,15,TBS (US),Etats-Unis,episode15-411032-30102023-saison19-American-Dad.html,30-10-2023
Harry Wild,2,05,Acorn TV,Etats-Unis,episode05-410203-30102023-saison2-Harry-Wild.html,30-10-2023
Murdoch Mysteries,17,05,Citytv,Canada,episode05-411017-30102023-saison17-Murdoch-Mysteries.html,30-10-2023
SOKO Potsdam,6,06,ZDF,Allemagne,episode06-410911-30102023-saison6-SOKO-Potsdam.html,30-10-2023
The Irrational,1,06,NBC,Etats-Unis,episode06-409865-30102023-saison1-The-Irrational.html,30-10-2023
Found,1,05,NBC,Etats-Unis,episode05-409896-31102023-saison1-Found.html,31-10-2023
The Oval,5,03,BET,Etats-Unis,episode03-411296-31102023-saison5-The-Oval.html,31-10-2023
